{
    "CRIM": {
        "min": 0.00632,
        "max": 88.9762
    },
    "ZN": {
        "min": 0.00000,
        "max": 100.0000
    },
    "INDUS": {
        "min": 0.46000,
        "max": 27.7400
    },
    "CHAS": {
        "min": 0.0000,
        "max": 1.0000
    },
    "NOX": {
        "min": 0.385,
        "max": 0.8710
    },
    "RM": {
        "min": 3.56100,
        "max": 8.7800
    },
    "AGE": {
        "min": 2.90000,
        "max": 100.0000
    },
    "DIS": {
        "min": 1.12960,
        "max": 12.1265
    },
    "RAD": {
        "min": 1.00000,
        "max": 24.00000
    },
    "TAX": {
        "min": 187.0000,
        "max": 711.0000
    },
    "PTRATIO": {
        "min": 12.60000,
        "max": 22.0000
    },
    "B": {
        "min": 0.32000,
        "max": 396.9000
    },
    "LSTAT": {
        "min": 1.73000,
        "max": 37.9700
    }

}